StationID,Lat,Long,StationName,Type
501,53.052300,-117.318800,Altalink 501l,PAW
58L,51.034900,-115.047900,Altalink 58l,PAW
603,49.641200,-113.492700,Altalink 603l Windy Flats,PAW
616,49.515000,-113.923300,Altalink 616l,PAW
722,49.670600,-111.493600,Altalink 722l,PAW
723,54.155200,-114.471100,Altalink 723l,PAW
725,49.641100,-113.358000,Altalink 725l Ft Mcleod,PAW
743,53.146500,-116.968400,Altalink 743l,PAW
753,50.599300,-113.714600,Altalink 753l,PAW
763,50.106500,-112.118300,Altalink 763l Vauxhall,PAW
777,50.786200,-115.160800,Altalink 777l,PAW
799,53.919100,-115.172300,Altalink 799l,PAW
84L,51.077500,-115.393000,Altalink 84l,PAW
863,49.422500,-112.898600,Altalink 863l Magrath,PAW
876,50.602700,-113.027600,Altalink 876l,PAW
879,50.178800,-110.481400,Altalink 879l,PAW
ABEE,54.277300,-112.965400,Abee Agdm,PAW
ADA,59.160600,-118.329500,Adair Auto,PAW
AKA,49.033300,-114.050000,Akamina 2,PAW
ALA,56.160800,-111.719800,Algar Auto,PAW
AMA,59.176500,-119.455900,Amber Auto,PAW
ANA,53.551300,-116.503100,Ansell Auto,PAW
AOA,54.780200,-112.824800,Atmore Agdm,PAW
ASA,54.410400,-114.769200,Fort Assiniboine Auto,PAW
ATHA,54.634800,-113.382100,Athabasca Agcm,PAW
AWA,54.089800,-119.798800,Antler West Auto,PAW
B1,50.414700,-114.726400,Highwood Auto,PAW
B3,51.654700,-115.361700,Yaha Tinda Auto,PAW
B4,50.925800,-115.124000,Kananaskis Boundary Auto,PAW
B5,50.713600,-115.119200,Peter Lougheed Pp Auto,PAW
B7,50.905000,-114.691100,Elbow Auto,PAW
B8,51.574200,-114.855300,North Ghost Auto,PAW
BARN,49.801700,-112.302000,Barnwell Agdm,PAW
BARR,54.100000,-114.450000,Barrhead Cs,PAW
BCA,58.195200,-118.218500,Basset Auto,PAW
BDA,54.812700,-118.915800,Bald Mountain Auto,PAW
BDAM,54.177200,-110.322800,Beaverdam AGCM,PAW
BDIA,50.706800,-114.152000,Black Diamond Agcm,PAW
BEA,54.090400,-117.401300,Berland Auto,PAW
BHA,51.705100,-115.224700,Blue Hill Auto,PAW
BIA,57.694600,-111.826100,Birch Mountain Auto,PAW
BNA,57.942800,-112.397600,Buckton Auto,PAW
BRA,57.167700,-117.664000,Battle River Auto,PAW
BROO,50.550000,-111.850000,Brooks,PAW
BSA,57.111000,-116.509600,Bison Lake Auto,PAW
BTA,52.774300,-116.331300,Blackstone Auto,PAW
BZA,53.038600,-115.435800,Brazeau Auto,PAW
C1,49.879300,-114.382700,Livingston Gap Auto,PAW
C2,49.393600,-114.340800,Castle Auto,PAW
C3,49.029300,-113.595100,Poll Haven Auto,PAW
C4,49.608600,-114.451400,Blairmore Ranger Station Auto,PAW
C5,49.635600,-110.329600,Cypress Hills Ipp Auto,PAW
CAA,57.111700,-118.333300,Chinchaga Auto,PAW
CARR,53.623100,-115.893800,Carrot Creek AGCM,PAW
CCA,53.445800,-115.866100,Carrot Creek Auto,PAW
CFA,59.257600,-110.804600,Cambrian Auto,PAW
CHAT,56.595800,-119.406100,Clear Hills Temp,TAW
CLA,50.180300,-114.182800,Chain Lakes Auto,PAW
CLAK,51.023700,-111.222000,Cabin Lake Agcm,PAW
CMA,54.941100,-114.040000,Chisholm Auto,PAW
CNA,51.113000,-115.369900,Canmore Auto,PAW
CONS,51.937100,-110.713000,Consort Agdm,PAW
CPA,55.953400,-110.497200,Cowpar Lake Auto,PAW
CRA,55.588400,-111.849600,Christina Auto,PAW
CUA,56.303500,-116.430200,Cadotte Auto,PAW
CXA,56.320300,-119.747900,Cleardale Agdm,PAW
CYA,56.949300,-113.490900,Chipewyan Lakes Auto,PAW
DEV,53.202400,-118.021000,Devona,PAW
DGA,56.964400,-119.526400,Doig Auto,PAW
DHA,52.621500,-115.093400,Diamond Hills Auto,PAW
DLA,54.682500,-113.941500,Duck Lake Agcm,PAW
DMA,54.913400,-115.162100,Deer Mountain Auto,PAW
DWA,56.715400,-117.543500,Deadwood Agcm,PAW
E1,53.861300,-117.559500,Wildhay Auto,PAW
E5,53.916500,-118.866600,Grande Cache,PAW
E7,53.379900,-117.701200,Entrance Auto,PAW
EAA,54.456900,-116.440900,Eagle Auto,PAW
ECA,54.791600,-118.234800,Economy Creek Auto,PAW
EDA,57.849700,-113.257800,Edra Auto,PAW
EDGE,52.777800,-110.433000,Edgerton Agcm,PAW
EHA,55.319000,-116.197000,Enilda Auto,PAW
ELA,57.206100,-112.313300,Ells River Auto,PAW
ELKI,53.683300,-112.866700,Elk Island National Park,PAW
EUA,56.509400,-118.844400,Eureka River Agcm,PAW
EVBR,53.638100,-115.062400,Evansburg 2 AGCM,PAW
F1,57.650900,-114.527300,Picadelly Auto,PAW
F2,59.211500,-117.063000,Ponderosa Auto,PAW
F3,58.034700,-114.141400,Lambert Auto,PAW
F4,59.431100,-114.902700,Whitesands Auto,PAW
F5,59.912000,-118.963100,Bistcho Lake Auto,PAW
FGA,58.686000,-114.994700,Foggy Mountain Auto,PAW
FLA,58.610900,-117.160000,Footner Lake Auto,PAW
FLEE,52.041100,-111.813000,Fleet Agcm,PAW
FNA,53.270100,-117.199800,Felton Creek Auto,PAW
FOA,57.780300,-119.501500,Fontas Auto,PAW
FPA,54.465100,-118.220300,Frying Pan Auto,PAW
FSA,53.492000,-117.647000,Fish Creek Auto,PAW
FTA,55.145700,-114.815300,Flat Top Auto,PAW
FTMC,49.785800,-113.380000,Fort Mcleod Agcm,PAW
G1,54.175000,-119.059200,Kakwa Auto,PAW
G2,54.592800,-120.009200,Mistanusk Auto,PAW
GFA,52.887900,-116.991800,Grave Flats Auto,PAW
GHA,51.205300,-114.771200,Ghost Lake Auto,PAW
GLA,56.617500,-110.494400,Gordon Lake Auto,PAW
GLEN,53.832600,-114.539000,Glenevis AGCM,PAW
GMA,54.750600,-116.033200,Goose Mountain Auto,PAW
GTA,55.901200,-115.760000,Gift Lake Auto,PAW
HAND,51.452500,-112.135000,Hand Hills Agcm,PAW
HCT,56.750000,-117.243800,Hutton Creek Temp,TAW
HDA,53.800000,-118.450000,Hendrickson Creek Cs,PAW
HHA,57.656800,-117.423200,Hawk Hills Auto,PAW
HKA,57.333900,-118.959300,Hotchkiss Auto,PAW
HLA,54.915500,-111.339300,Heart Lake Auto,PAW
HMA,55.047300,-115.601600,House Mountain Auto,PAW
HOA,54.186000,-110.921700,Hoselaw Agcm,PAW
HPA,55.395800,-116.479500,High Prairie Agdm,PAW
HRA,56.518700,-111.795700,Horse River Auto,PAW
HUA,53.987700,-118.185900,Huckleberry Auto,PAW
HZA,56.529100,-117.933600,Hazel Agcm,PAW
IMA,54.466600,-115.572200,Imperial Auto,PAW
JCA,55.912900,-117.119800,Jean Cote Agcm,PAW
JEA,57.497400,-113.883500,Jean Lake Auto,PAW
JOA,57.570000,-110.325100,Johnson Lake Auto,PAW
KAA,54.420900,-118.982200,Kakwa Tower Auto,PAW
KBA,55.358500,-110.645000,Kirby Lake Auto,PAW
KEA,57.640400,-118.352700,Keg Auto,PAW
KILL,52.847500,-111.872000,Killam Agdm,PAW
KINI,54.563300,-112.981200,Kinikinik AGCM,PAW
KMA,55.994000,-116.606600,Kimiwan Auto,PAW
L1,56.114400,-112.544700,Bovine Creek Auto,PAW
L2A,55.070000,-110.710000,Foster Creek Auto,PAW
L3,56.768300,-112.487800,Dunkirk Auto,PAW
L5,58.309400,-110.282200,Keane Auto,PAW
LEED,52.550000,-114.400000,Leedale Agdm,PAW
LEGA,54.003000,-113.474400,Legal Agcm,PAW
LGA,57.450900,-112.875100,Legend Auto,PAW
LIND,53.943000,-110.578900,Lindberg Agdm,PAW
LLS,51.433300,-116.217000,Lake Louise,PAW
LMA,55.689700,-111.284700,Leismer Auto,PAW
LOA,53.031100,-116.662000,Lovett Auto,PAW
LODG,49.457700,-110.341000,Lodge Creek Agcm,PAW
MBA,53.861300,-116.665400,Mayberne Auto,PAW
MDA,52.816600,-114.874300,Medicine Lake,PAW
MHAT,50.033300,-110.717000,Medicine Hat Rcs,PAW
MLA,53.548800,-116.967200,Medicine Lodge Auto,PAW
MOA,53.532700,-118.023200,Moberly Auto,PAW
MPA,52.910600,-117.276800,Mountain Park Auto,PAW
MQA,56.081500,-114.654800,Muskwa Auto,PAW
MRA,55.470900,-114.787000,Marten Mountain Auto,PAW
MUA,57.135300,-110.894200,Muskeg Mountain Auto,PAW
MYA,55.562300,-112.404900,May Raws,PAW
NDA,52.466700,-116.083300,Nordegg Auto,PAW
NMA,54.563400,-119.631500,Nose Mountain Auto,PAW
NOA,56.869000,-118.599000,Notikewin Auto,PAW
OLA,56.697400,-115.923100,Otter Lakes Auto,PAW
OLDS,51.758600,-114.085000,Olds College Agdm,PAW
OLIV,53.646600,-113.354600,Oliver AGDM,PAW
OYEN,51.379700,-110.355000,Oyen Agdm,PAW
P1,57.351100,-119.760600,Shell Hamberg,PAW
P2,56.880800,-116.559200,Jackpine Auto,PAW
PAA,57.178000,-114.614000,Panny Auto,PAW
PAUL,54.011000,-111.272000,St Paul Agdm,PAW
PBA,54.308300,-113.820800,Pibroch Agcm,PAW
PBN,56.117700,-117.886600,Brownvale Agcm,PAW
PCI,51.109800,-114.050000,Calgary Int'l CS,PAW
PDA,59.522600,-119.607600,Petitot Auto,PAW
PEA,55.621200,-118.293000,Peoria Agdm,PAW
PMT,55.704300,-113.569900,Pelican Temp,TAW
POA,58.931900,-116.220700,Ponton Auto,PAW
PSA,54.228900,-116.840000,Pass Creek Auto,PAW
PTA,54.780600,-119.396100,Pinto Env Auto,PAW
PUA,55.219100,-117.493300,Puskwaskau Auto,PAW
PVA,54.963900,-113.320800,Pleasant View,PAW
PYA,58.768400,-111.106100,Fort Chipewyan Auto,PAW
R1,51.987400,-115.240000,Clearwater Auto,PAW
R2,52.087700,-115.844200,Ram Falls Auto,PAW
R2T,52.087700,-115.844200,Ram Falls Temp,TAW
R3,52.968900,-115.864700,Elk River Auto,PAW
R4,52.062100,-116.412800,Kootenay Plains Auto,PAW
RBA,58.346800,-119.709900,Rainbow Lake Auto,PAW
RCA,54.501200,-111.691400,Rich Lake Agcm,PAW
REA,56.660600,-115.114000,Red Earth Auto,PAW
RHA,55.299200,-111.989200,Round Hill Auto,PAW
RIA,57.885700,-111.034100,Richardson Auto,PAW
RKA,55.326400,-113.460400,Rock Island Lake Auto,PAW
RLA,58.451800,-116.480600,Rocky Lane Agrd,PAW
S1,54.916100,-114.781400,Salteaux Auto,PAW
S2,55.526400,-114.556900,Marten Hills Auto,PAW
S4,55.303100,-115.491700,Kinuso,PAW
S5,57.144300,-115.079800,Loon River,PAW
S6,55.962700,-113.825400,Wabasca Auto,PAW
S7,56.527600,-113.468800,Chip Alpac,PAW
SAA,55.623000,-119.716500,Saddle Hills Auto,PAW
SCO,51.433300,-115.814000,Scotch Camp,PAW
SDA,54.728300,-115.355600,Swan Dive Auto,PAW
SEA,50.639200,-114.506800,Sheep River Auto,PAW
SHA,52.236700,-115.196700,Strachan,PAW
SIA,54.233700,-118.414700,Simonette Auto,PAW
SLA,54.264800,-112.504100,Smoky Lake Agdm,PAW
SNA,54.678300,-117.538700,Snuff Mountain Auto,PAW
SOA,56.223600,-110.959000,Surmont Auto,PAW
SOCP,50.732000,-110.215000,Social Plains Agcm,PAW
SPA,55.660800,-115.832300,Salt Prairie Auto,PAW
SQA,55.821500,-113.670000,Sandy Lake Auto,PAW
SRA,54.589600,-110.837600,Sand River Auto,PAW
STA,56.389700,-111.280700,Stony Mountain Auto,PAW
STAL,53.692000,-113.619600,St Albert Research,PAW
STET,52.347000,-112.596000,Stettler Agdm,PAW
STRA,51.038700,-113.290000,Strathmore Imcin,PAW
SUA,52.494000,-115.753800,Shunda Auto,PAW
SVA,59.634500,-117.788600,Steen River Auto,PAW
SWA,54.898900,-116.751900,Sweathouse Auto,PAW
SWG,58.852900,-111.997200,Sweetgrass,PAW
TCA,56.399400,-117.030700,Three Creeks Agcm,PAW
TGA,58.020800,-116.848000,Tompkins Landing Agcm,PAW
THA,53.433300,-114.716700,Tomahawk Agdm,PAW
TMA,56.796000,-114.420000,Trout Mountain Auto,PAW
TOT,53.929500,-116.331100,Tom Hill Temp,TAW
TPA,56.458200,-114.118400,Teepee Lake Auto,PAW
TSA,52.336700,-116.357300,Tershishner Auto,PAW
TTA,57.348700,-115.656400,Talbot Lake Auto,PAW
TYA,54.405400,-117.491500,Tony Auto,PAW
VEGR,53.516600,-112.100000,Vegreville,PAW
VERM,53.343800,-110.882000,Vermillion Agdm,PAW
VGA,54.428400,-114.429500,Vega Auto,PAW
VULC,50.406400,-113.166000,Vulcan Agcm,PAW
VVA,55.097800,-117.198700,Valleyview Auto Agdm,PAW
W1,54.569100,-115.382200,Freeman Auto,PAW
W2,53.183400,-115.688700,Eta Lake Auto,PAW
W3,54.600900,-116.622500,Meekwap Auto,PAW
W4,54.191900,-116.242200,Windfall Auto,PAW
W5,54.397400,-116.802500,Fox Creek Auto,PAW
W6,54.654600,-114.531800,Timeu Creek Auto,PAW
W7,54.146600,-117.890100,Berland Hills Auto,PAW
WAA,51.412900,-115.089800,Waiparous Auto,PAW
WARN,49.282900,-112.161000,Warner Agcm,PAW
WBM,55.196600,-119.396400,Beaverlodge Cs,PAW
WCA,54.032500,-115.720800,Whitecourt Auto,PAW
WDA,56.422300,-118.002200,Whitemud Auto,PAW
WEA,53.713600,-119.479000,Willmore Auto,PAW
WETA,52.980400,-113.444000,Wetaskiwin Agcm,PAW
WFA,56.183400,-115.472900,Whitefish Auto,PAW
WGF,58.700000,-113.883300,Garden River,PAW
WGM,49.133300,-113.800000,Waterton Park Gate,PAW
WJW,52.930000,-118.030000,Jasper Warden,PAW
WMA,55.713100,-119.249800,White Mountain Auto,PAW
WMX,57.033300,-111.566700,Mildred Lake,PAW
WRA,55.285500,-112.478900,Wandering River Auto,PAW
WUA,57.777100,-115.455600,Wadlin Auto,PAW
WWO,53.385600,-118.348000,Willow Creek 1,PAW
WYA,56.370900,-119.182900,Worsley Agcm,PAW
WZG,51.193400,-115.552200,Banff Cs,PAW
XAA,51.093300,-115.067800,Bow Valley Auto,PAW
XEG,53.316600,-113.583300,Edmonton Int'l CS,PAW
XMM,56.651100,-111.213300,Fort McMurray CS,PAW
XSA,56.076100,-119.344900,Savanna Agcm,PAW
YAA,59.895900,-116.347200,Yates Auto,PAW
YQF,52.182200,-113.894400,Red Deer Regional A,PAW
YQL,49.633300,-112.800000,Lethbridge,PAW
ZIL,54.821000,-113.543600,Island Lake South,PAW
ZLH,54.766700,-112.016700,Lac La Biche Auto,PAW
ZPK,50.366600,-114.416700,Pekisko Cs,PAW
ZSM,60.026100,-111.929400,Fort Smith Cs,PAW
